{"cameraMode":{"drawMode":0,"name":"Shaded","section":"Shading Mode"},"sceneLighting":false,"audioPlay":false,"sceneViewState":{"m_AlwaysRefresh":false,"showFog":true,"showSkybox":false,"showFlares":true,"showImageEffects":true,"showParticleSystems":true,"showVisualEffectGraphs":true,"m_FxEnabled":true},"in2DMode":false,"pivot":{"x":1.3802602291107178,"y":1.6457438468933106,"z":-3.0611162185668947},"rotation":{"x":-0.020959895104169847,"y":0.041682079434394839,"z":-0.0013871340779587627,"w":-0.9988588690757752},"size":0.13268207013607026,"orthographic":false}